Title,Post date,Application Deadline,Issues,Institution(s),Other Organization(s),URL,Body,All terms
"Outreach and Communications Coordinator, U Florida",Nov 6 2013 - 9:43pm,"January 5, 2014","November 12, 2013",University of Florida,,https://jobs.ufl.edu/postings/46543,,Jobs & Internships
"Professor/Chair, Environmental Science and Studies, Stetson U",Nov 8 2013 - 2:10pm,"January 7, 2014","November 12, 2013",Stetson University,,http://www.stetson.edu/administration/academic-affairs/media/associate-full-professor-of-environmental-science.pdf,,Jobs & Internships
"Professor, Env'l Policy & Sustainability Mgmt, The New School",Nov 8 2013 - 2:17pm,"January 7, 2014","November 12, 2013","New School, The",,https://careers.newschool.edu/postings/10134,,Jobs & Internships
"Sustainability Coordinator, Missouri State U",Nov 11 2013 - 1:05pm,"January 10, 2014","November 12, 2013",Missouri State University,,https://jobs.missouristate.edu/postings/11217,,Jobs & Internships
"Assoc. Dean, Renewable Energy, Milwaukee Area Technical College",Nov 11 2013 - 3:17pm,"January 10, 2014","November 12, 2013",Milwaukee Area Technical College,,https://careers.peopleclick.com/careerscp/Client_matc/external/jobDetails.do?functionName=getJobDetail&jobPostId=3585&localeCode=en-us,,Jobs & Internships
"Electrical Engineer, U Arkansas Little Rock",Nov 12 2013 - 2:49pm,"January 11, 2014","November 19, 2013",University of Arkansas at Little Rock,,https://ualr.peopleadmin.com/postings/1673,,Jobs & Internships
"Recycling Coordinator, Georgia State U",Nov 13 2013 - 1:46pm,"January 12, 2014",,Georgia State University,,https://gsu.taleo.net/careersection/2/jobdetail.ftl?job=23560&lang=en&sns_id=%23.UoOiB-T9V6M.gmail,,Jobs & Internships
"Sustainability Specialist, Ohio U",Nov 14 2013 - 11:26am,"January 13, 2014","November 19, 2013",Ohio University,,http://www.ohiouniversityjobs.com/postings/8176,,Jobs & Internships
"Systems Ecology Research Associate, Louisiana State U",Nov 14 2013 - 4:08pm,"January 13, 2014","November 19, 2013",Louisiana State University,,http://lsusystemcareers.lsu.edu/applicants/Central?quickFind=56813,,Jobs & Internships
"Water Campaign Manager, OCE Foundation",Nov 15 2013 - 11:21am,"January 14, 2014","November 19, 2013",,,http://www.idealist.org/view/job/MBDwXzhsstW4/,,Jobs & Internships
"Assistant Project Manager, Env'l Dashboard, Oberlin College",Nov 15 2013 - 11:47am,"January 14, 2014","November 19, 2013",Oberlin College,,http://new.oberlin.edu/home/jobs/jobs_detail.dot?id=97d1cadf-8578-4b0f-9e43-897e56c2457c,,Jobs & Internships
"Learning Coordinator, Environmental Studies, Dartmouth College",Nov 19 2013 - 9:34am,"January 18, 2014",,Dartmouth College,,https://searchjobs.dartmouth.edu/postings/21906,,Jobs & Internships
"Project Coordinator, Sustainability Program, Earlham College",Nov 29 2013 - 11:18am,"January 28, 2014","December 3, 2013",Earlham College,,http://www.earlham.edu/employment/?job=18824,,Jobs & Internships
"Sustainability Director, Gonzaga U",Nov 30 2013 - 4:50pm,"January 29, 2014","December 3, 2013",Gonzaga University,,https://gonzaga.peopleadmin.com/postings/3665,,Jobs & Internships
"Member Support Fellow, Food Recovery Network",Dec 2 2013 - 11:45am,"January 29, 2014","December 3, 2013",,Food Recovery Network,http://www.foodrecoverynetwork.org/blog/2013/11/15/were-hiring-a-member-support-fellow/,,Jobs & Internships
"Assistant Director, Bard MBA in Sustainability, Bard College",Dec 2 2013 - 12:27pm,"January 31, 2014","December 3, 2013",Bard College,,http://www.bard.edu/employment/employment/descriptions.php?listing_id=2553425,,Jobs & Internships
"Graduate Admissions Asst., Center for Env'l Policy, Bard College",Dec 2 2013 - 12:30pm,"January 31, 2014","December 3, 2013",Bard College,,http://www.bard.edu/employment/employment/descriptions.php?listing_id=1579759,,Jobs & Internships
"Lecturer, Earth Sci & Env'l Sustainability, Northern Arizona U",Dec 2 2013 - 2:56pm,"January 31, 2014","December 3, 2013",Northern Arizona University,,https://hr.peoplesoft.nau.edu/psp/ph90prta/EMPLOYEE/HCM/c/HRS_HRAM.HRS_CE.GBL?Page=HRS_CE_JOB_DTL&Action=A&JobOpeningId=600616&SiteId=2&PostingSeq=1,,Jobs & Internships
"Executive Director, Responsible Endowments Coalition",Dec 4 2013 - 6:10pm,"February 2, 2014","December 10, 2013",Responsible Endowments Coalition,,http://www.endowmentethics.org/jobs,,Jobs & Internships
"Assistant Professor, Environmental Science & Studies, Stetson U",Dec 9 2013 - 1:47pm,"February 7, 2014","December 10, 2013",Stetson University,,http://www.stetson.edu/administration/academic-affairs/media/assistant-professor-of-environmental-studies.pdf,,Jobs & Internships
"Professor & Chair, Environmental Science & Studies, Stetson U",Dec 9 2013 - 1:49pm,"February 7, 2014","December 10, 2013",Stetson University,,http://www.stetson.edu/administration/academic-affairs/media/associate-full-professor-of-environmental-science.pdf,,Jobs & Internships
"Assistant Professor, Environmental Studies, U Illinois",Dec 12 2013 - 12:08pm,"February 10, 2014","December 17, 2013","University of Illinois, Springfield",,https://jobs.uis.edu/job-board/job-details?jobID=38362&job=assistant-professor-environmental-studies-sustainability,,Jobs & Internships
"Sustainability Director, Valencia College",Dec 16 2013 - 11:37am,"February 14, 2014","December 17, 2013",Valencia College,,https://jobs.valenciacollege.edu/applicants/jsp/shared/position/JobDetails_css.jsp?postingId=148419,,Jobs & Internships
"Waste Reduction Coordinator, Coastal Carolina U",Jan 5 2014 - 4:01pm,"March 6, 2014","January 7, 2014",Coastal Carolina University,,https://jobs.coastal.edu/applicants/jsp/shared/frameset/Frameset.jsp?time=1388757670155,,Jobs & Internships
"Sustainability Leadership Graduate Prog Dir, Edgewood College",Jan 5 2014 - 4:04pm,"March 6, 2014","January 7, 2014",Edgewood College,,http://my.edgewood.edu/sites/services/HRE/Shared%20Documents/Staff%20Positions/Sustainability%20Leadership%20Graduate%20Program%20Director.pdf,,Jobs & Internships
"Transportation Demand Management Outreach Coordinator, Duke U",Jan 8 2014 - 3:16pm,"March 9, 2014","January 14, 2014",Duke University,,https://sjobs.brassring.com/TGWEbHost/jobdetails.aspx?jobId=602204&partnerid=25017&siteid=5172&codes=IND,,Jobs & Internships
"Sustainability Coordinator, Johns Hopkins U",Jan 9 2014 - 7:10pm,"March 10, 2014","January 14, 2014",Johns Hopkins University,,https://hrnt.jhu.edu/jhujobs/job_view.cfm?view_req_id=59832&view=sch,,Jobs & Internships
"Sustainability Director, Virginia Commonwealth U",Jan 13 2014 - 3:40pm,"March 14, 2014","January 14, 2014",Virginia Commonwealth University,,https://www.vcujobs.com/postings/32356,,Jobs & Internships
"Greenhouse Gas Specialist, U North Carolina Chapel Hill",Jan 14 2014 - 10:43pm,"March 15, 2014","January 14, 2014",University of North Carolina at Chapel Hill,,https://unc.peopleadmin.com/postings/38095,,Jobs & Internships
"PowerSave Campus Program Associate, Alliance to Save Energy",Jan 14 2014 - 10:49pm,"March 15, 2014","January 21, 2014",Alliance to Save Energy,,https://home2.eease.adp.com/recruit2/?id=10335122&t=1,,Jobs & Internships
"Asst. Professor, Env'l Studies, St. Mary's College of Maryland",Jan 14 2014 - 11:00pm,"March 15, 2014","January 21, 2014",St. Mary's College of Maryland,,http://www.smcm.edu/hr/employment.html#environmental%20studies,,Jobs & Internships
"Sustainability Social Sciences Faculty, Colorado Mountain College",Jan 16 2014 - 3:30pm,"March 17, 2014","January 21, 2014",Colorado Mountain College,,http://coloradomtn.edu/social-behavioral-sciences-faculty-steamboat-springs-campus-steamboat-springs-co/,,Jobs & Internships
"Sustainability Director, U Nebraska-Lincoln",Jan 20 2014 - 12:59pm,"March 21, 2014","January 21, 2014",University of Nebraska - Lincoln,,https://employment.unl.edu/postings/38329,,Jobs & Internships
"Sustainable Preservation Specialist, Rochester Institute of Tech",Jan 20 2014 - 10:42pm,"March 21, 2014","January 21, 2014",Rochester Institute of Technology,,https://www.imagepermanenceinstitute.org/,,Jobs & Internships
"Assistant Professor, Environmental Studies, Oberlin College",Jan 21 2014 - 12:13am,"March 22, 2014","January 21, 2014",Oberlin College,,http://new.oberlin.edu/home/jobs/jobs_detail.dot?id=2423c193-ff57-43ef-8581-1aea2e58cd60,,Jobs & Internships
"Director, Center for Environmental Initiatives, Williams College",Jan 22 2014 - 3:34pm,"March 23, 2014","January 28, 2014",Williams College,,http://hr.williams.edu/employment/director-zilkha-center/,,Jobs & Internships
"Dean, Falk School of Sustainability, Chatham U",Jan 23 2014 - 11:07am,"March 24, 2014","January 28, 2014",Chatham University,,http://www.imsearch.com/OpenDetails.asp?JobID=s5-005,,Jobs & Internships
"Energy Project Manager, West Chester U",Jan 27 2014 - 6:45pm,"March 28, 2014","January 28, 2014",West Chester University of Pennsylvania,,http://www.wcupa.edu/scripts/vacancies/zoomm.asp?Notice=14-105,,Jobs & Internships
"Environmental Waste Coordinator, U Florida",Jan 31 2014 - 5:19pm,"April 1, 2014","February 4, 2014",University of Florida,,https://jobs.ufl.edu/postings/48705,,Jobs & Internships
"Sustainability Coordinator, Grand Valley State U",Feb 2 2014 - 7:12pm,"April 3, 2014","February 4, 2014",Grand Valley State University,,https://www.gvsujobs.org/applicants/jsp/shared/position/JobDetails_css.jsp?postingId=368229,,Jobs & Internships
"Sustainability Coordinator, U Missouri",Feb 2 2014 - 8:22pm,"April 3, 2014","February 11, 2014",University of Missouri,,https://myhr.umsystem.edu/psp/tamext/EMPLOYEE/HRMS/c/HRS_HRAM.HRS_CE.GBL?Page=HRS_CE_JOB_DTL&Action=A&JobOpeningId=12306&SiteId=6&PostingSeq=1,,Jobs & Internships
"Energy Resource Steward, U Texas Austin",Feb 4 2014 - 3:18pm,"April 5, 2014","February 11, 2014",University of Texas at Austin,,https://utdirect.utexas.edu/apps/hr/jobs/nlogon/140123014311,,Jobs & Internships
"Policy Fellowships, Geothermal Technology, Energy Department",Feb 5 2014 - 1:48pm,"April 6, 2014","February 11, 2014",,U.S. Department of Energy,http://orise.orau.gov/science-education/internships-scholarships-fellowships/description.aspx?JobId=14572,,Jobs & Internships
"Sustainability Teaching Fellowship, Emory U",Feb 5 2014 - 1:49pm,"April 6, 2014","February 11, 2014",Emory University,,http://sustainability.emory.edu/page/1063/Job-Openings,,Jobs & Internships
"Professor, Sustainability Science & Policy, U Vermont",Feb 5 2014 - 4:18pm,"April 6, 2014","February 11, 2014",University of Vermont,,http://www.uvm.edu/~cems/docs/BlittersdorfPositionDescription_Final.pdf,,Jobs & Internships
"Director, Environmental Research Institute, U Buffalo",Feb 11 2014 - 10:42pm,"April 12, 2014","February 18, 2014",University at Buffalo,,http://www.buffalo.edu/leadership-searches/current-searches/RENEW-director.html,,Jobs & Internships
"Coordinator, The Green Initiative Fund, U California Berkeley",Feb 11 2014 - 10:43pm,"April 12, 2014","February 18, 2014","University of California, Berkeley",,https://hrw-vip-prod.is.berkeley.edu/psp/JOBSPROD/EMPLOYEE/HRMS/c/HRS_HRAM.HRS_CE.GBL?Page=HRS_CE_JOB_DTL&Action=A&JobOpeningId=17392&SiteId=1&PostingSeq=1,,Jobs & Internships
"Director, Sustainable Enterprise, Oberlin College",Feb 17 2014 - 4:13pm,"April 18, 2014","February 18, 2014",Oberlin College,,http://new.oberlin.edu/home/jobs/jobs_detail.dot?id=54c94cf9-a824-4bc9-84a9-4e95457fcc65,,Jobs & Internships
"Educational Consultant, Faculty of Environment, Simon Fraser U",Feb 17 2014 - 4:39pm,"April 18, 2014","February 18, 2014",Simon Fraser University,,http://www.sfu.ca/content/dam/sfu/human-resources/current-job-postings/2014/comp033.pdf,,Jobs & Internships
"Director, ACUPCC Initiatives, Second Nature",Feb 17 2014 - 5:14pm,"April 18, 2014","February 18, 2014",Second Nature,,http://secondnature.org/who-we-are/employment#Director%20of%20ACUPCC,,Jobs & Internships
"Sustainability Program Manager, U Virginia",Feb 19 2014 - 1:39pm,"April 20, 2014","February 25, 2014",University of Virginia,,https://jobs.virginia.edu/applicants/jsp/shared/frameset/Frameset.jsp?time=1392827819770,,Jobs & Internships
"Ed & Development Dir, School of Sustainability, Arizona State U",Feb 20 2014 - 10:30am,"April 21, 2014","February 25, 2014",Arizona State University,,https://sjobs.brassring.com/tgwebhost/jobdetails.aspx?jobId=367245&PartnerId=25620&SiteId=5494&type=mail&JobReqLang=1&recordstart=1&JobSiteId=5494&JobSiteInfo=367245_5494&gqid=598,,Jobs & Internships
Real Food Challenge Fellowship,Feb 24 2014 - 5:34pm,"April 25, 2014","February 25, 2014",Real Food Challenge,,http://www.realfoodchallenge.org/fellowship#Application,,Jobs & Internships
"Asst Professor, Sustainable Science Mgmt, U Hawai'i",Feb 26 2014 - 4:07pm,"April 27, 2014","March 4, 2014",University of Hawaii Maui College,,http://workatuh.hawaii.edu/Jobs/NAdvert/19094/2552387/1/postdate/desc,,Jobs & Internships
"Sustainability Specialist, Oakton CC",Feb 27 2014 - 3:28pm,"April 28, 2014","March 4, 2014",Oakton Community College,,http://oakton.interviewexchange.com/jobofferdetails.jsp;jsessionid=232A671FD95BE012F4C4D97DE2E5307D?JOBID=46647,,Jobs & Internships
"Program Coordinator, Center for Sustainability, Furman U",Mar 3 2014 - 2:41pm,"May 2, 2014","March 4, 2014",Furman University,,https://jobs.furman.edu/postings/4283,,Jobs & Internships
"Assistant Sustainability Director, U North Texas",Mar 4 2014 - 11:49am,"May 3, 2014","March 11, 2014",University of North Texas,,http://jobs.unt.edu/applicants/Central?quickFind=59342,,Jobs & Internships
"Assoc. Director, Integrated Program in the Environment, Indiana U",Mar 5 2014 - 4:04pm,"May 4, 2014","March 11, 2014",Indiana University Bloomington,,https://jobs.iu.edu/joblisting/index.cfm?jlnum=10444,,Jobs & Internships
"Director, Campus Sustainability & Space Planning, Smith College",Mar 7 2014 - 2:29pm,"May 6, 2014","March 11, 2014",Smith College,,https://smithcollege.hiretouch.com/job-details?jobID=17542&job=ad0836-director-of-campus-sustainability-and-space-planning,,Jobs & Internships
"Associate Director, Diversity & Inclusion, U Redlands",Mar 9 2014 - 8:04pm,"May 8, 2014","March 11, 2014",University of Redlands,,http://www.higheredjobs.com/search/details.cfm?JobCode=175862572&Title=Associate%20Director%2C%20Campus%20Diversity%20%26%20Inclusion,,Jobs & Internships
"Sustainability Director, California State U East Bay",Mar 10 2014 - 10:14am,"May 9, 2014","March 11, 2014","California State University, East Bay",,https://cmsweb.csueastbay.edu/psp/HEBPRD/EMPLOYEE/HRMS/c/HRS_HRAM.HRS_CE.GBL?FolderPath=PORTAL_ROOT_OBJECT.HC_HRS_CE_GBL2&IsFolder=false&IgnoreParamT%252520empl=FolderPath%25252cIsFolder,,Jobs & Internships
U New Hampshire Sustainability Institute 2014 Climate Fellowship,Mar 10 2014 - 10:51am,"May 9, 2014","March 11, 2014",University of New Hampshire,,http://www.sustainableunh.unh.edu/2014climatefellows,,Jobs & Internships
"Asst Professor, Sustainability & Environ Policy, Ohio U",Mar 11 2014 - 1:08pm,"May 10, 2014","March 18, 2014",Ohio University,,https://www.ohiouniversityjobs.com/postings/9166,,Jobs & Internships
"Prog Manager, Sustainability Resource Center, U California Irvine",Mar 11 2014 - 1:16pm,"May 10, 2014","March 18, 2014","University of California, Irvine",,http://www.idealist.org/view/job/TT5FZTdPZ95P/,,Jobs & Internships
"Research Chair, Energy Law or Risk Mgmt, U Saskatchewan",Mar 12 2014 - 4:19pm,"May 11, 2014","March 18, 2014",University of Saskatchewan,,http://jobs.usask.ca/job_postings/jobs/usfa_crc_sens_law.php#.UyDPO1FdV2-,,Jobs & Internships
"Energy Manager, Western Washington U",Mar 17 2014 - 10:00am,"May 16, 2014","March 18, 2014",Western Washington University,,https://jobs.wwu.edu/JobPosting.aspx?JPID=5123,,Jobs & Internships
"Faculty Positions, College of Sustainability, U South Florida",Mar 17 2014 - 10:05am,"May 16, 2014","March 18, 2014",University of South Florida,,https://chroniclevitae.com/jobs/0000823219-01,,Jobs & Internships
"Assoc Director, School of Global Sustainability, Colorado State U",Mar 17 2014 - 10:24am,"May 16, 2014","March 18, 2014",Colorado State University,,http://sustainability.colostate.edu/jobs,,Jobs & Internships
"Visiting Assistant Professor, Sustainability Science, Furman U",Mar 19 2014 - 11:46am,"May 18, 2014","March 25, 2014",Furman University,,https://jobs.furman.edu/postings/4291,,Jobs & Internships
"Visiting Assistant Professor, Environ Studies, Stony Brook U",Mar 24 2014 - 6:33pm,"May 23, 2014","March 25, 2014",Stony Brook University,,http://naples.cc.sunysb.edu/Admin/CampusJob.nsf/987ddc6b836068648525659c0072eafa/5e1e652308ebda3c85257c9a0056b34d?OpenDocument,,Jobs & Internships
"Visiting Assistant Professor, Sustainability, Stony Brook U",Mar 24 2014 - 6:36pm,"May 23, 2014","March 25, 2014",Stony Brook University,,http://naples.cc.sunysb.edu/Admin/CampusJob.nsf/987ddc6b836068648525659c0072eafa/f786e43a57983e4a85257c9a00543bf7?OpenDocument,,Jobs & Internships
"Programs Coordinator, AASHE",Mar 31 2014 - 12:06pm,"May 30, 2014","April 8, 2014 April 1, 2014",,AASHE,http://aashe.theresumator.com/apply/wvsdOJ/AASHE-Programs-Coordinator.html,,Jobs & Internships
"Conference & Events Planner, AASHE",Mar 31 2014 - 12:08pm,"May 30, 2014","April 8, 2014 April 1, 2014",,AASHE,http://aashe.theresumator.com/apply/NzeWvA/Conference-Events-Planner.html,,Jobs & Internships
"Director, Diversity Initiatives, California State U Fullerton",Mar 31 2014 - 2:59pm,"May 30, 2014","April 1, 2014","California State University, Fullerton",,http://careers.insidehighered.com/california-state-university-fullerton/director-diversity-initiatives-resource-centers/jobs/555295,,Jobs & Internships
"Director, Sustainability Education, Central College",Mar 31 2014 - 4:33pm,"May 30, 2014","April 1, 2014",Central College,,http://central.interviewexchange.com/jobofferdetails.jsp;jsessionid=5D78AAA195501AE010FB76C74BF84BA9;jsessionid=BFE32A51D3546ECB961DEA02052231FA?JOBID=47754,,Jobs & Internships
Extended Deadline: NWF Emerging Leader Fellowships,Apr 3 2014 - 9:40am,"June 2, 2014","May 6, 2014 April 15, 2014",National Wildlife Federation,,http://www.nwf.org/Campus-Ecology/Get-Involved/Apply-for-a-Fellowship.aspx,,Jobs & Internships
"Sustainability Coordinator, Outreach & Engagement, U Virginia",Apr 3 2014 - 9:54am,"June 2, 2014","April 8, 2014",University of Virginia,,http://jobs.virginia.edu/applicants/Central?quickFind=72914,,Jobs & Internships
"Sustainability Outreach Assistant, Bowdoin College",Apr 3 2014 - 5:32pm,"June 2, 2014","April 8, 2014",Bowdoin College,,http://careers.bowdoin.edu/applicants/Central?quickFind=51895,,Jobs & Internships
"Asst Director of Sustainability/Campus Farm Manager, Depauw U",Apr 9 2014 - 2:06pm,"June 8, 2014","April 15, 2014",DePauw University,,http://depauwjobs.iapplicants.com/ViewJob-567633.html,,Jobs & Internships
"Sustainability Coordinator, U New Brunswick",Apr 11 2014 - 1:04pm,"June 10, 2014","April 15, 2014",University of New Brunswick,,http://www.unb.ca/hr/_resources/php/print-support-staff-posting.php?theid=Zpuk,,Jobs & Internships
"Sales Coordinator, AASHE",Apr 14 2014 - 9:42pm,"June 13, 2014","April 15, 2014",,AASHE,http://aashe.theresumator.com/apply/MM54vP/Sales-Coordinator.html,,Jobs & Internships
"Sustainability Ed & Engagement Coordinator, Johnson County CC",Apr 14 2014 - 10:08pm,"June 13, 2014","April 15, 2014",Johnson County Community College,,https://careers.jccc.edu/epostings/index.cfm?fuseaction=app.jobinfo&jobid=155&company_id=16951&version=1&source=ONLINE&JobOwner=992274&startflag=1,,Jobs & Internships
"President, Second Nature",Apr 14 2014 - 10:22pm,"June 13, 2014","April 15, 2014",Second Nature,,http://www.imsearch.com/searches/details/content/S5-077,,Jobs & Internships
"Sustainable Agriculture Professor, St. Catharine College",Apr 14 2014 - 10:48pm,"June 13, 2014","April 15, 2014",St. Catharine College,,http://www.sccky.edu/aboutus/employment.php,,Jobs & Internships
Food Recovery Network Fellowships,Apr 17 2014 - 3:24pm,"June 16, 2014","April 22, 2014",,Food Recovery Network,http://www.foodrecoverynetwork.org/get-involved/2014-2015-fellowships/,,Jobs & Internships
"Sustainability Data Fellow, Massachusetts Institute of Technology",Apr 17 2014 - 3:48pm,"June 16, 2014","April 22, 2014",Massachusetts Institute of Technology,,http://sustainability.mit.edu/jobs#data,,Jobs & Internships
"Communications & Outreach Fellow, Massachusetts Institute of Tech",Apr 17 2014 - 3:50pm,"June 16, 2014","April 22, 2014",Massachusetts Institute of Technology,,http://sustainability.mit.edu/jobs#communications,,Jobs & Internships
"Program Advisor, Student Sustainability Committee, U Illinois",Apr 28 2014 - 7:43pm,"June 27, 2014","April 29, 2014","University of Illinois, Urbana-Champaign",,https://jobs.illinois.edu/search-jobs/job-details?jobID=35557&job=program-advisor-for-student-sustainability-committee-illini-union-a1300422-extended,,Jobs & Internships
"Environmental Programs Advisor, U California Santa Barbara",Apr 29 2014 - 12:16pm,"June 28, 2014","May 6, 2014","University of California, Santa Barbara",,https://jobs.ucsb.edu/applicants/jsp/shared/frameset/Frameset.jsp?time=1398791716703,,Jobs & Internships
"Sustainable Energy Technology Research Fellow, Oberlin College",Apr 29 2014 - 2:08pm,"June 28, 2014","May 6, 2014",Oberlin College,,http://new.oberlin.edu/home/jobs/jobs_detail.dot?id=60c5d71e-d4a5-48d4-b5d2-b426037bba56,,Jobs & Internships
"Marketing & Communications Coordinator, AASHE",May 1 2014 - 2:25pm,"June 30, 2014","May 6, 2014",,AASHE,http://aashe.theresumator.com/apply/UsTxVF/Marketing-Communications-Coordinator.html,,Jobs & Internships
"Business Development Specialist, AASHE",May 1 2014 - 2:26pm,"June 30, 2014","May 6, 2014",,AASHE,http://aashe.theresumator.com/apply/MM54vP/Business-Development-Specialist.html,,Jobs & Internships
"Asst Director, Ctr for Earth & Environmental Science, Indiana U",May 1 2014 - 2:28pm,"June 30, 2014","May 6, 2014",Indiana University-Purdue University Indianapolis,,https://jobs.iu.edu/joblisting/index.cfm?jlnum=10838&search=2,,Jobs & Internships
"Capacity Organizer, Center for Green Schools, USGBC",May 5 2014 - 4:54pm,"July 4, 2014","May 6, 2014",U.S. Green Building Council,,http://www.usgbc.org/Capacity_Organizer,,Jobs & Internships
"Assistant Director, Sustainability, Indiana U Bloomington",May 5 2014 - 7:03pm,"July 4, 2014","May 13, 2014",Indiana University Bloomington,,https://jobs.iu.edu/joblisting/index.cfm?jlnum=10981&search=2,,Jobs & Internships
"Executive Director, Center for Diversity and Inclusion, Bryant U",May 5 2014 - 10:09pm,"July 4, 2014","May 6, 2014",Bryant University,,http://www.higheredjobs.com/search/details.cfm?Jobcode=175887956&aID=715&print=yes,,Jobs & Internships
"Sustainability Director, Amherst College",May 7 2014 - 1:28pm,"July 6, 2014","May 13, 2014",Amherst College,,https://jobs.amherst.edu/view/opportunity/id/669,,Jobs & Internships
"Sustainability Coordinator, U Virginia",May 7 2014 - 3:17pm,"July 6, 2014","May 13, 2014",University of Virginia,,http://jobs.virginia.edu/applicants/Central?quickFind=73215,,Jobs & Internships
"Assistant Coordinator, Environmental Center, Fort Lewis College",May 12 2014 - 4:51pm,"July 11, 2014","May 13, 2014",Fort Lewis College,,http://www.fortlewis.edu/Portals/71/Docs/EC%20Asst%20Coordinator%202014.pdf,,Jobs & Internships
"Assistant Director, Sustainability, Earlham College",May 12 2014 - 5:04pm,"July 11, 2014","May 13, 2014",Earlham College,,http://earlham.edu/employment/?job=20432,,Jobs & Internships
"Transportation Coordinator, Champlain College",May 19 2014 - 2:36pm,"July 18, 2014","May 20, 2014",Champlain College,,http://champlain.interviewexchange.com/jobofferdetails.jsp;jsessionid=E79CE0BF047E15B86A54B19A9704C3D1?JOBID=49161,,Jobs & Internships
"Learning Specialist, Environmental Studies, Dartmouth College",May 19 2014 - 2:44pm,"July 18, 2014","May 20, 2014",Dartmouth College,,https://searchjobs.dartmouth.edu/postings/24583,,Jobs & Internships
"Facility Engineer, Elon University",May 19 2014 - 6:55pm,"July 18, 2014","May 20, 2014",Elon University,,https://elon.peopleadmin.com/postings/2198,,Jobs & Internships
"Sustainability Outreach Program Manager, Stanford U",May 19 2014 - 8:04pm,"July 18, 2014","May 20, 2014",Stanford University,,https://stanford.taleo.net/careersection/2/jobdetail.ftl?job=62803&lang=en&sns_id=addthis-service-code,,Jobs & Internships
"Sustainability Assessment Program Manager, Stanford U",May 19 2014 - 8:06pm,"July 18, 2014","May 20, 2014",Stanford University,,https://stanford.taleo.net/careersection/2/jobdetail.ftl?job=62802,,Jobs & Internships
"Associate Director, Sustainability, Indiana U",May 20 2014 - 7:22pm,"July 19, 2014","May 27, 2014",Indiana University Bloomington,,http://sustain.indiana.edu/overview/employment%20opportunities%20.php#associate-director-of-sustainability-,,Jobs & Internships
"Exec Dir, New Jersey Higher Education Partnership Sustainability",May 20 2014 - 7:33pm,"July 19, 2014","May 27, 2014",,,http://www.njheps.org/,,Jobs & Internships
"Grounds Manager, Wesleyan U",May 23 2014 - 11:01am,"July 22, 2014","May 27, 2014",Wesleyan University,,https://careers.wesleyan.edu/postings/4365,,Jobs & Internships
"Facilities Mgr/Outreach Coord, Enviro Studies, Oberlin College",May 23 2014 - 12:17pm,"July 22, 2014","May 27, 2014",Oberlin College,,http://new.oberlin.edu/home/jobs/jobs_detail.dot?id=c0cc876b-af56-47a2-80ba-cd59f2d0d5fc,,Jobs & Internships
"Sustainability Manager, American U",May 26 2014 - 1:46pm,"July 25, 2014","May 27, 2014",American University,,https://jobs.american.edu/JobPosting.aspx?JPID=3865,,Jobs & Internships
"Sustainability Project Manager, Massachusetts Institute of Tech",May 26 2014 - 1:57pm,"July 25, 2014","May 27, 2014",Massachusetts Institute of Technology,,http://jobs.mit.edu/external?locale=en-us&cpUrl=http%3A%2F%2Fcareers.peopleclick.com%2Fcareerscp%2Fclient_mit%2Fexternal%2Fen-us%2Fgateway.do%3FfunctionName%3DviewFromLink%26jobPostId%3D2315%26localeCode%3Den-us,,Jobs & Internships
"Student Activities Coordinator, Massachusetts Institute of Tech",Jun 5 2014 - 8:33am,"August 4, 2014","June 10, 2014",Massachusetts Institute of Technology,,http://jobs.mit.edu/external?locale=en-us&cpUrl=http%3A%2F%2Fcareers.peopleclick.com%2Fcareerscp%2Fclient_mit%2Fexternal%2Fen-us%2Fgateway.do%3FfunctionName%3DviewFromLink%26jobPostId%3D2529%26localeCode%3Den-us,,Jobs & Internships
"Assistant Director, Environmental Initiatives, Williams College",Jun 9 2014 - 10:17am,"August 8, 2014","June 10, 2014",Williams College,,https://staff-careers.williams.edu/psp/cangate/EMPLOYEE/HRMS/c/HRS_HRAM.HRS_CE.GBL?Page=HRS_CE_JOB_DTL&Action=A&JobOpeningId=300994&SiteId=1&PostingSeq=1,,Jobs & Internships
"Assistant Director, Sustainability Initiatives, U Maryland",Jun 9 2014 - 10:22am,"August 8, 2014","June 10, 2014","University of Maryland, College Park",,https://ejobs.umd.edu/postings/26985,,Jobs & Internships
"Sustainability Program Manager, U Colorado Colorado Springs",Jun 9 2014 - 5:59pm,"August 8, 2014","June 10, 2014",University of Colorado Colorado Springs,,https://www.jobsatcu.com/postings/83277,,Jobs & Internships
"Sustainability Program Coordinators, U Florida",Jun 13 2014 - 2:45pm,"August 12, 2014","June 17, 2014",University of Florida,,https://jobs.ufl.edu/postings/53527,,Jobs & Internships
"Chiller Plant Sustainability Staff, U Virginia",Jun 13 2014 - 3:29pm,"August 12, 2014","June 17, 2014",University of Virginia,,http://jobs.virginia.edu/applicants/Central?quickFind=73313,,Jobs & Internships
"Environmental Engagement Coordinator, Southern Oregon U",Jun 16 2014 - 9:49pm,"August 15, 2014","June 17, 2014",Southern Oregon University,,https://jobs.sou.edu/postings/2781,,Jobs & Internships
"Sustainability Communications Specialist, Tufts U",Jun 17 2014 - 10:35pm,"August 16, 2014","June 24, 2014",Tufts University,,http://tufts.taleo.net/careersection/ext/jobdetail.ftl?job=14000474&lang=en&sns_id=mailto,,Jobs & Internships
"Climate Corps Fellowships, Strategic Energy Innovations",Jun 18 2014 - 8:12pm,"August 17, 2014","June 24, 2014",Strategic Energy Innovations,,http://www.climatecorps-bayarea.org/fellows.html,,Jobs & Internships
"Environmental Sustainability Coordinator, Smith College",Jun 25 2014 - 1:07pm,"August 24, 2014","July 1, 2014",Smith College,,https://smithcollege.hiretouch.com/job-details?jobID=19535&job=ad0844-environmental-sustainability-coordinator,,Jobs & Internships
"Assistant Sustainability Director, Bemidji State U",Jun 25 2014 - 1:43pm,"August 24, 2014","July 1, 2014",Bemidji State University,,http://agency.governmentjobs.com/bemidji/job_bulletin.cfm?JobID=901550,,Jobs & Internships
"Energy Conservation Manager, U Virginia",Jun 30 2014 - 12:38pm,"August 29, 2014","July 1, 2014",University of Virginia,,http://jobs.virginia.edu/applicants/Central?quickFind=73736,,Jobs & Internships
"Sustainability Program Manager, U Colorado Boulder",Jul 7 2014 - 10:14am,"September 5, 2014","July 8, 2014",University of Colorado Boulder,,https://www.jobsatcu.com/postings/84465/print_preview,,Jobs & Internships
"Project Coordinator, Sustainability Office, U Mississippi",Jul 7 2014 - 10:21am,"September 5, 2014","July 8, 2014",University of Mississippi,,https://jobs.olemiss.edu/postings/5721,,Jobs & Internships
"Transportation Demand Management Outreach Coordinator, U Virginia",Jul 7 2014 - 10:29am,"September 5, 2014","July 8, 2014",University of Virginia,,https://jobs.virginia.edu/applicants/Central?quickFind=73748,,Jobs & Internships
"Sustainable Energy Technology Research Fellow, Oberlin College",Jul 7 2014 - 10:42am,"September 5, 2014","July 8, 2014",Oberlin College,,http://new.oberlin.edu/home/jobs/jobs_detail.dot?id=60c5d71e-d4a5-48d4-b5d2-b426037bba56,,Jobs & Internships
"Sustainability Fellow, Skidmore College",Jul 8 2014 - 11:02pm,"September 7, 2014","July 15, 2014",Skidmore College,,https://careers.skidmore.edu/applicants/Central?quickFind=55868,,Jobs & Internships
"Sustainability Director, U Alaska Anchorage",Jul 8 2014 - 11:06pm,"September 7, 2014","July 15, 2014",University of Alaska Anchorage,,https://www.uakjobs.com/applicants/jsp/shared/position/PrinterFriendlyJobDetails.jsp?time=1404878775458,,Jobs & Internships
"Program Mgr, Sustainable Communities Collaborative, Penn State",Jul 9 2014 - 9:37pm,"September 7, 2014","July 15, 2014",Pennsylvania State University,,https://app2.ohr.psu.edu/Jobs/External/EVMS2_External/detail.cfm?vac=%25%22D_83H%3C%20%0A,,Jobs & Internships
"Communications Manager, Sustainability Office, Michigan State U",Jul 10 2014 - 8:59pm,"September 8, 2014","July 15, 2014",Michigan State University,,http://jobs.msu.edu/applicants/Central?quickFind=62978,,Jobs & Internships
"Diversity Director, Frederick CC",Jul 14 2014 - 2:59pm,"September 12, 2014","July 15, 2014",Frederick Community College,,http://www.higheredjobs.com/details.cfm?JobCode=175918447,,Jobs & Internships
"Sustainable Campus Program Associate, Florida State U",Jul 17 2014 - 9:58am,"September 15, 2014","July 22, 2014",Florida State University,,http://sustainablecampus.fsu.edu/News/Announcements/2-sustainability-positions-available-at-Florida-State-University,,Jobs & Internships
"Solid Waste & Recycling Program Associate, Florida State U",Jul 17 2014 - 9:59am,"September 15, 2014","July 22, 2014",Florida State University,,http://sustainablecampus.fsu.edu/News/Announcements/2-sustainability-positions-available-at-Florida-State-University,,Jobs & Internships
"Manager, Sustainability Engagement, U Calgary",Jul 17 2014 - 10:11am,"September 15, 2014","July 22, 2014",University of Calgary,,https://prdcgw.ehs.ucalgary.ca/uc_cg.html?Page=HRS_CE_JOB_DTL&Action=A&JobOpeningId=6513&SiteId=4&JobPostSeq=1,,Jobs & Internships
"Sustainability and Engineering Director, U British Columbia",Jul 24 2014 - 4:23pm,"September 22, 2014","July 29, 2014",University of British Columbia,,https://mycareers.adm.ubc.ca/psc/erecruit/EMPLOYEE/HRMS/c/HRS_HRAM.HRS_CE.GBL?Page=UBC_CE_JOB_DTL&Action=A&PostingSeq=1&SiteId=2&JobOpeningId=18798,,Jobs & Internships
"Program Specialist, Sustainability Office, Western Washington U",Jul 25 2014 - 11:25am,"September 23, 2014","July 29, 2014",Western Washington University,,https://jobs.wwu.edu/JobPosting.aspx?JPID=5409,,Jobs & Internships
"Permaculture Program Coordinator, Western Michigan U",Jul 25 2014 - 11:33am,"September 23, 2014","July 29, 2014",Western Michigan University,,http://www.wmich.edu/sustainability/projects/gibbs/permaculture-program-coordinator,,Jobs & Internships
Fair Trade Colleges and Universities Fellowship,Jul 28 2014 - 1:50pm,"September 26, 2014","July 29, 2014",Fair Trade Colleges & Universities,,https://ch.tbe.taleo.net/CH05/ats/careers/requisition.jsp?org=TRANSFAIRUSA&cws=1&rid=262,,Jobs & Internships
"Coordinator, Sustainability Initiatives, U Saskatchewan",Jul 30 2014 - 8:40pm,"September 28, 2014","August 5, 2014",University of Saskatchewan,,https://jobs.usask.ca/job_postings/jobs/14342m.php#.U9mV5IBdVWY,,Jobs & Internships
"Facilities Director, Pacific Lutheran U",Aug 8 2014 - 12:31pm,"October 7, 2014","August 12, 2014",Pacific Lutheran University,,https://employment.plu.edu/postings/310,,Jobs & Internships
"Energy Management Coordinator, U Mississippi",Aug 8 2014 - 12:48pm,"October 7, 2014","August 12, 2014",University of Mississippi,,https://jobs.olemiss.edu/postings/5960,,Jobs & Internships
"College Programs Coordinator, Lucid",Aug 8 2014 - 12:49pm,"October 7, 2014","August 12, 2014",Lucid,,http://luciddesigngroup.com/careers.html#program-coordinator,,Jobs & Internships
"Sustainability and Resource Conservation Manager, Seattle U",Aug 8 2014 - 3:16pm,"October 7, 2014","August 12, 2014",Seattle University,,https://jobs.seattleu.edu/postings/16864?jtsrc=http%3A%2F%2Fwww%2Eaashe%2Eorg%2Fpublications%2Fbulletin%2Ephp&jtsrcid=2868&jtrfr=,,Jobs & Internships
"Facilities Mgr/Outreach Coord, Enviro Studies, Oberlin College",Aug 11 2014 - 2:34pm,"October 10, 2014","August 12, 2014",Oberlin College,,http://new.oberlin.edu/home/jobs/jobs_detail.dot?id=c0cc876b-af56-47a2-80ba-cd59f2d0d5fc,,Jobs & Internships
"Natural Resources, Law and Policy Research Chair, U Saskatchewan",Aug 18 2014 - 12:31pm,"October 17, 2014","August 19, 2014",University of Saskatchewan,,"http://www.usask.ca/sens/documents/CRC%20-%20Natural%20Resources,%20Law%20and%20Policy%20Advertisement%20August%202014.pdf",,Jobs & Internships
"ACUPCC Program Associate, Second Nature",Aug 18 2014 - 12:32pm,"October 17, 2014","August 19, 2014",Second Nature,,http://secondnature.org/sites/default/files/SecondNature_ACUPCCProgramAssociate.pdf,,Jobs & Internships
"Sustainability & Student Engagement Coordinator, U Idaho",Aug 22 2014 - 11:02am,"October 21, 2014","August 26, 2014",University of Idaho,,https://uidaho.peopleadmin.com/postings/5430,,Jobs & Internships
"Director, Parking & Transportation, Western Carolina U",Aug 28 2014 - 2:17pm,"October 27, 2014","September 2, 2014",,West Carolina University,https://uidaho.peopleadmin.com/postings/5430,,Jobs & Internships
"Director of Sustainability Education, Central College",Sep 5 2014 - 1:06pm,"November 4, 2014","September 9, 2014",Central College,,http://central.interviewexchange.com/jobofferdetails.jsp;jsessionid=C379B3DE6F28FE72D2AA995064810D92;jsessionid=3AFABF4F369020F18E638779BB69928E?JOBID=52627,,Jobs & Internships
"Sustainability Coordinator, Concordia College",Sep 5 2014 - 1:07pm,"November 4, 2014","September 9, 2014",Concordia College-Moorhead,,https://hr.cord.edu/postings/693,,Jobs & Internships
"Energy Performance Senior Specialist, U Calgary",Sep 15 2014 - 8:25am,"November 14, 2014","September 16, 2014",University of Calgary,,https://prdcgw.ehs.ucalgary.ca/uc_cg.html?Page=HRS_CE_JOB_DTL&Action=A&JobOpeningId=6904&SiteId=4&JobPostSeq=1,,Jobs & Internships
"Assistant Professor Environmental Studies, Oberlin College",Sep 15 2014 - 8:27am,"November 14, 2014","September 16, 2014",Oberlin College,,http://new.oberlin.edu/home/jobs/jobs_detail.dot?id=14c1d4b5-d7e7-4daf-85f2-391ead658cee,,Jobs & Internships
"Events Manager, Sustainability Conf., U California Santa Barbara",Sep 19 2014 - 1:13pm,"November 18, 2014","September 23, 2014","University of California, Santa Barbara",,https://jobs.ucsb.edu/applicants/Central?quickFind=188381,,Jobs & Internships
"Sustainability Coordinator, California State U Chico",Sep 19 2014 - 1:29pm,"November 18, 2014","September 23, 2014","California State University, Chico",,http://ch.tbe.taleo.net/CH03/ats/careers/requisition.jsp?org=CSUCHICO&cws=1&rid=968,,Jobs & Internships
"Program Administrator, Institute of the Environment, Tufts U",Sep 19 2014 - 1:46pm,"November 18, 2014","September 23, 2014",Tufts University,,http://tufts.taleo.net/careersection/ext/jobdetail.ftl?lang=en&requisitionno=20500&jtsrc=http%3A%2F%2Fwww%2Eaashe%2Eorg%2Fpublications%2Fbulletin%2Ephp&jtsrcid=2868&jtrfr=,,Jobs & Internships
"Assistant Professor Sustainability Science, Furman U",Oct 6 2014 - 12:07pm,"December 5, 2014","October 7, 2014",Furman University,,https://jobs.furman.edu/postings/4669,,Jobs & Internships
"Director of Environmental Studies Program, Hamline U",Oct 6 2014 - 12:09pm,"December 5, 2014","October 7, 2014",Hamline University,,https://academicjobsonline.org/ajo/jobs/4694,,Jobs & Internships
"Sustainable Dining Coordinator, Colgate U",Oct 6 2014 - 12:09pm,"December 5, 2014","October 7, 2014",Colgate University,,http://blogs.colgate.edu/sustainability/2014/09/24/job-announcement-sustainable-dining-coordinator/,,Jobs & Internships
"Director of Sustainability, U California Merced",Oct 6 2014 - 12:22pm,"December 5, 2014","October 7, 2014","University of California, Merced",,http://jobs.ucmerced.edu/n/staff/position.jsf?positionId=5589,,Jobs & Internships
"Admin Project Coordinator, Sustainability Program, U Texas Dallas",Oct 6 2014 - 1:23pm,"December 5, 2014","October 7, 2014",University of Texas at Dallas,,http://www.utdallasjobs.com/applicants/Central?quickFind=189669,,Jobs & Internships
"Assistant Professor, Sustainability Science, Iowa State U",Oct 12 2014 - 8:27pm,"December 11, 2014","October 14, 2014",Iowa State University,,https://www.iastatejobs.com/postings/7587,,Jobs & Internships
"Asst Prof, Sustainability & Enviro Studies, U Nebraska Kearney",Oct 13 2014 - 1:38pm,"December 12, 2014","October 14, 2014",University of Nebraska at Kearney,,http://agency.governmentjobs.com/unkearney/default.cfm?action=viewJob&jobID=972847&hit_count=yes&headerFooter=1&promo=0&transfer=0&WDDXJobSearchParams=%3CwddxPacket%20version%3D%271.0%27%3E%3Cheader%2F%3E%3Cdata%3E%3Cstruct%3E%3Cvar%20name%3D%27CATEGORYID,,Jobs & Internships
"Sustainability Program Coordinator, U Houston",Oct 13 2014 - 1:57pm,"December 12, 2014","October 14, 2014",University of Houston,,https://jobs.uh.edu/postings/23002,,Jobs & Internships
"Energy Program Manager, California State U",Oct 14 2014 - 1:20pm,"December 13, 2014","October 21, 2014","California State University, Chancellor's Office",,http://www.nweei.org/indeed/energy-program-manager-1011656-california-state-university-california.html,,Jobs & Internships
"Chair/Professor Economics, Stetson U",Oct 14 2014 - 1:46pm,"December 13, 2014","October 21, 2014",Stetson University,,http://www.stetson.edu/other/employment/media/Chair%20and%20Associate%20or%20Full%20Professor%20of%20Economics10092014.pdf,,Jobs & Internships
"Sustainability Manager, U California Los Angeles",Oct 15 2014 - 4:04pm,"December 14, 2014","October 21, 2014","University of California, Los Angeles",,http://hr.mycareer.ucla.edu/applicants/Central?quickFind=64540,,Jobs & Internships
"Sustainability Program Coordinator, U Texas Austin",Oct 16 2014 - 2:25pm,"December 15, 2014","October 21, 2014",University of Texas at Austin,,https://utdirect.utexas.edu/apps/hr/jobs/nlogon/141003018105,,Jobs & Internships
"Asst Director, Diversity & Inclusion, U Mount Union",Oct 20 2014 - 5:40pm,"December 19, 2014","October 21, 2014",University of Mount Union,,https://www.google.com/url?rct=j&sa=t&url=http://www.higheredjobs.com/admin/details.cfm%3FJobCode%3D175966309%26Title%3DAssistant%2520Director%2520for%2520Diversity%2520and%2520Inclusion%2520%2526%2520Coordinator%2520of%2520International%2520Student%2520S,,Jobs & Internships
"Sustainability Manager, California State U San Marcos",Oct 24 2014 - 6:53am,"December 23, 2014","November 4, 2014","California State University, San Marcos",,http://www.jobelephant.com/ads/534228.html,,Jobs & Internships
"Sustainability Manager, McGill U",Oct 24 2014 - 8:04am,"December 23, 2014","November 4, 2014",McGill University,,http://www.goodwork.ca/job=27607,,Jobs & Internships
"Director, Physical Plant, Eureka College",Oct 27 2014 - 11:02am,"December 26, 2014","November 4, 2014",Eureka College,,http://www.eureka.edu/wp-content/uploads/2014/10/Physical-Plant-Project-Manager-2014_v4.pdf,,Jobs & Internships
"Sustainability Director, U Richmond",Nov 3 2014 - 11:24am,"January 2, 2015","November 11, 2014",University of Richmond,,https://richmond.csod.com/ats/careersite/JobDetails.aspx?id=463,,Jobs & Internships
"Asst Professor, Environmental Comm & Sustainability, Iowa State U",Nov 5 2014 - 12:30pm,"January 4, 2015","November 11, 2014",Iowa State University,,https://www.iastatejobs.com/postings/7587,,Jobs & Internships
"Sustainability Specialist, U California Office of the President",Nov 5 2014 - 12:34pm,"January 4, 2015","November 11, 2014","University of California, Office of the President",,http://jobs.ucop.edu/applicants/Central?quickFind=57882,,Jobs & Internships
"Associate Director of Energy & Utilities, U Virginia",Nov 6 2014 - 12:21pm,"January 5, 2015","November 11, 2014",University of Virginia,,http://jobs.virginia.edu/applicants/Central?quickFind=74745,,Jobs & Internships
"Manager, Sustainability Programs, Brandeis U",Nov 13 2014 - 1:55pm,"January 12, 2015","November 18, 2014",Brandeis University,,https://careers.brandeis.edu/psp/CAREERS/EMPLOYEE/HRMS/c/HRS_HRAM.HRS_CE.GBL?Page=HRS_CE_JOB_DTL&Action=A&JobOpeningId=521494&SiteId=1&PostingSeq=1,,Jobs & Internships
"PowerSave Campus Program Associate, Alliance to Save Energy",Nov 17 2014 - 12:56pm,"January 16, 2015","November 25, 2014",Alliance to Save Energy,,https://home2.eease.adp.com/recruit2/?id=10335122&t=1,,Jobs & Internships
"Sustainability Coordinator, U Wisconsin River Falls",Nov 18 2014 - 11:22am,"January 17, 2015","November 25, 2014",University of Wisconsin-River Falls,,https://jobs.uwrf.edu/postings/1060,,Jobs & Internships
"Assistant Professor, Engineering, East Carolina U",Nov 18 2014 - 2:56pm,"January 17, 2015","November 25, 2014",East Carolina University,,https://ecu.peopleadmin.com/applicants/jsp/shared/position/JobDetails_css.jsp,,Jobs & Internships
"Professor, Sustainability Studies, Roosevelt U",Nov 26 2014 - 9:08pm,"January 25, 2015","December 2, 2014",Roosevelt University,,https://jobs.roosevelt.edu/postings/1603,,Jobs & Internships
"Assistant Professor, Environmental Humanities, Arizona State U",Dec 2 2014 - 4:35pm,"January 31, 2015","December 9, 2014",Arizona State University,,http://shprs.clas.asu.edu/about/faculty-positions,,Jobs & Internships
"Assistant Professor, Sustainable Communities, Northern Arizona U",Dec 2 2014 - 4:41pm,"January 31, 2015","December 9, 2014",Northern Arizona University,,https://hr.peoplesoft.nau.edu/psc/ph90prta/EMPLOYEE/HCM/c/HRS_HRAM.HRS_CE.GBL?Page=HRS_CE_JOB_DTL&Action=A&JobOpeningId=601154&SiteId=2&PostingSeq=1,,Jobs & Internships
"Internship, Sustainable Agriculture, CEFS",Dec 4 2014 - 12:31pm,"February 2, 2015","December 9, 2014",,"Center for Environmental Farming Systems, North Carolina State University, North Carolina Agricultural and Technical State University",http://www.cefs.ncsu.edu/getinvolved/internships.html,,Jobs & Internships
"Sustainability Program Coordinator, Emory U",Dec 5 2014 - 10:41am,"February 3, 2015","December 9, 2014",Emory University,,http://sustainability.emory.edu/page/1063/Job-Openings,,Jobs & Internships
"Postdoctoral Research Associate, Sustainability, Arizona State U",Dec 9 2014 - 3:31pm,"February 7, 2015","December 16, 2014",Arizona State University,,https://sustainability.asu.edu/docs/gios/jobs/postdoctoral-research-associate-walton-initiatives-final.pdf,,Jobs & Internships
"Faculty, Sustainability Studies & Environ Equity, U Vermont",Dec 9 2014 - 8:43pm,"February 7, 2015","December 16, 2014",University of Vermont,,http://www.uvm.edu/envprog/sites/default/files/faculty_positions_info_1.pdf,,Jobs & Internships
"Facilities Energy Engineer, Seattle U",Dec 9 2014 - 8:55pm,"February 7, 2015","December 16, 2014",Seattle University,,https://jobs.seattleu.edu/postings/17240?jtsrc=http%3A%2F%2Fwww%2Eaashe%2Eorg%2Fpublications%2Fbulletin%2Ephp&jtsrcid=2868&jtrfr=,,Jobs & Internships
"Environmental Program Director, U Vermont",Dec 11 2014 - 11:35am,"February 9, 2015","December 16, 2014",University of Vermont,,http://www.uvm.edu/envprog/sites/default/files/program_director_info_1.pdf,,Jobs & Internships
"Assistant Professor, Sustainability Science, Concordia College",Dec 11 2014 - 11:49am,"February 9, 2015","December 16, 2014",Concordia College-Moorhead,,https://hr.cord.edu/postings/1061,,Jobs & Internships
"Recycling & Waste Minimization Coordinator, Johnson County CC",Dec 11 2014 - 2:28pm,"February 9, 2015","December 16, 2014",Johnson County Community College,,https://careers.jccc.edu/epostings/index.cfm?fuseaction=app.jobinfo&jobid=587&company_id=16951&version=1&source=ONLINE&JobOwner=992291&startflag=1,,Jobs & Internships
"Internships, Second Nature",Dec 18 2014 - 2:21pm,"February 16, 2015","January 6, 2015",Second Nature,,http://www.secondnature.org/who-we-are/employment#op-45212-second-nature-internship-spring-2015,,Jobs & Internships
"Assistant Horticulturist, Office of Sustainability, U Utah",Jan 2 2015 - 4:32pm,"March 3, 2015","January 6, 2015",University of Utah,,https://utah.peopleadmin.com/postings/37990,,Jobs & Internships
"Communications & Marketing Manager, U Massachusetts Amherst",Jan 6 2015 - 1:57pm,"March 7, 2015","January 13, 2015",University of Massachusetts Amherst,,http://umass.interviewexchange.com/jobofferdetails.jsp;jsessionid=DF623CB799A795C35EADBB2BE7397AE5?JOBID=55804&CNTRNO=4&TSTMP=1420559274383,,Jobs & Internships
"Dean, Agricultural & Environmental Sciences, McGill U",Jan 6 2015 - 2:27pm,"March 7, 2015","January 13, 2015",McGill University,,http://www.mcgill.ca/hr/sites/mcgill.ca.hr/files/ad_mcgill_dean_faes_vr.pdf,,Jobs & Internships
"Chair, Sustainable Development, Clemson U",Jan 7 2015 - 3:39pm,"March 8, 2015","January 13, 2015",Clemson University,,https://cubshr9e-clemson-edu.careerliaison.com/psp/hpprd/EMPLOYEE/HRMS/c/HRS_HRAM.HRS_CE.GBL?Page=HRS_CE_JOB_DTL&Action=A&JobOpeningId=13094&SiteId=1&PostingSeq=1&jtsrc=http%3A%2F%2Fwww%2Eaashe%2Eorg%2Fpublications%2Fbulletin%2Ephp&jtsrcid=2868&jtrfr=,,Jobs & Internships
"Director, Physical Plant, Eureka College",Jan 7 2015 - 3:47pm,"March 8, 2015","January 13, 2015",Eureka College,,http://www.eureka.edu/job-postings/director-physical-plant/,,Jobs & Internships
"Director, Institute on the Environment, U Minnesota",Jan 12 2015 - 12:37pm,"March 13, 2015","January 13, 2015",,University of Minnesota St. Paul,http://www.imsearch.com/searches/details/content/S5-308,,Jobs & Internships
"Recruitment Coordinator, Second Nature",Jan 15 2015 - 11:32am,"March 16, 2015","January 20, 2015",Second Nature,,http://www.secondnature.org/who-we-are/employment#op-48647-recruitment-coordinator,,Jobs & Internships
"Sustainability Coordinator, St. Mary's College California",Jan 16 2015 - 9:35am,"March 17, 2015","January 20, 2015",,St. Mary's College of California,http://agency.governmentjobs.com/stmarys/default.cfm?action=viewJob&jobID=1026965&hit,,Jobs & Internships
"Dean of Science and Sustainability, Aquinas College",Jan 20 2015 - 11:19am,"March 21, 2015","January 27, 2015","Aquinas College (Grand Rapids, MI)",,http://www.aquinas.edu/hr/postings.html,,Jobs & Internships
"Asst Prof, Ecological Design of Sustainability Systems, U Vermont",Jan 20 2015 - 11:51am,"March 21, 2015","January 27, 2015",University of Vermont,,https://www.uvmjobs.com/postings/14025,,Jobs & Internships
"Sustainability Fellow, College of Saint Benedict",Jan 22 2015 - 4:50pm,"March 23, 2015","January 27, 2015",College of Saint Benedict,,http://agency.governmentjobs.com/csbsju/default.cfm?action=jobbulletin&JobID=1049825,,Jobs & Internships
"Co-Director, Leadership for Sustainability, U Vermont",Jan 22 2015 - 5:31pm,"March 23, 2015","January 27, 2015",University of Vermont,,https://www.uvmjobs.com/postings/14040,,Jobs & Internships
"Education/Outreach Coordinator, North Carolina State U",Jan 23 2015 - 3:30pm,"March 24, 2015","January 27, 2015",North Carolina State University,,https://americorps.hiringthing.com/job/20502/americorps-education-and-outreach-coordinator,,Jobs & Internships
"Coordinator, Sustainability Education, Central College",Jan 26 2015 - 8:06pm,"March 27, 2015","February 3, 2015",Central College,,http://central.interviewexchange.com/jobofferdetails.jsp;jsessionid=C26503FFFDA02D6B4889DC940737F8A9?JOBID=56558,,Jobs & Internships
"Director, University Studies, Portland State U",Jan 27 2015 - 12:29pm,"March 28, 2015","February 3, 2015",Portland State University,,https://jobs.hrc.pdx.edu/postings/14849,,Jobs & Internships
"Director, Sustainability, Indiana U Purdue U Indianapolis",Jan 27 2015 - 12:48pm,"March 28, 2015","February 3, 2015",Indiana University-Purdue University Indianapolis,,https://jobs.iu.edu/joblisting/index.cfm?jlnum=13090&search=2,,Jobs & Internships
"Director, Sustainable Communities Education Office, Georgia Tech",Jan 27 2015 - 6:01pm,"March 28, 2015","February 3, 2015",Georgia Institute of Technology,,http://serve-learn-sustain.gatech.edu/sites/default/files/images/sceio_director.pdf,,Jobs & Internships
"Web Application Developer, AASHE",Feb 2 2015 - 9:54am,"April 3, 2015","February 10, 2015 February 3, 2015",,AASHE,http://aashe.theresumator.com/apply/7TiVJb/Web-Application-Developer.html,,Jobs & Internships
"Water Resources Engineer, U North Carolina Chapel Hill",Feb 2 2015 - 3:04pm,"April 3, 2015","February 3, 2015",University of North Carolina at Chapel Hill,,https://unc.peopleadmin.com/postings/66846,,Jobs & Internships
"Director, Membership and Marketing, AASHE",Feb 2 2015 - 4:14pm,"April 3, 2015","February 10, 2015 February 3, 2015",,AASHE,http://aashe.theresumator.com/apply/twdi73/Director-Of-Membership-And-Marketing.html,,Jobs & Internships
"Program Mgr, Sustainable Cities Initiative, U Oregon",Feb 2 2015 - 10:34pm,"April 3, 2015","February 10, 2015",University of Oregon,,http://jobs.uoregon.edu/unclassified.php?id=5008,,Jobs & Internships
"Energy Data Systems Administrator, North Carolina State U",Feb 2 2015 - 10:37pm,"April 3, 2015","February 10, 2015",North Carolina State University,,https://jobs.ncsu.edu/postings/47995,,Jobs & Internships
"Sustainability Administrative Assistant, U Kentucky",Feb 6 2015 - 1:14pm,"April 7, 2015","February 10, 2015",University of Kentucky,,http://www.careerbuilder.com/jobseeker/jobs/jobdetails.aspx?sc_cmp1=js_jrp_jobclick&APath=2.21.0.0.0&job_did=JHP7LB795VBJ0DB20CV&showNewJDP=yes&IPath=QHTV0W,,Jobs & Internships
"Visiting Asst. Professor, Environ Studies, St. Mary's College",Feb 9 2015 - 1:25pm,"April 10, 2015","February 10, 2015",St. Mary's College of Maryland,,http://www.smcm.edu/hr/careers/#enviro_prof,,Jobs & Internships
2015 NWF EcoLeader Graduate Student Research Fellowships,Feb 11 2015 - 12:56pm,"April 12, 2015","February 17, 2015",National Wildlife Federation,,http://www.nwf.org/Campus-Ecology/Get-Involved/Apply-for-a-Fellowship.aspx,,Jobs & Internships
"Energy & Utility Manager, U Nevada Las Vegas",Feb 13 2015 - 1:14pm,"April 14, 2015","February 17, 2015","University of Nevada, Las Vegas",,http://www.higheredjobs.com/institution/details.cfm?JobCode=176020178&Title=Energy%20and%20Utility%20Manager%20%5B15125%5D&aID=584,,Jobs & Internships
"Sustainability Director, Messiah College",Feb 13 2015 - 1:16pm,"April 14, 2015","February 17, 2015",Messiah College,,https://jobs.messiah.edu/postings/5546,,Jobs & Internships
Real Food Challenge Fellowship 2015-2016,Feb 17 2015 - 12:03pm,"April 18, 2015","February 24, 2015",Real Food Challenge,,http://www.realfoodchallenge.org/fellowship,,Jobs & Internships
"Sustainability Coordinator, Concordia College",Feb 18 2015 - 12:53pm,"April 19, 2015","February 24, 2015",Concordia College-Moorhead,,https://hr.cord.edu/postings/1147,,Jobs & Internships
"Sustainability Officer, Florida Institute of Technology",Feb 18 2015 - 1:39pm,"April 19, 2015","February 24, 2015",Florida Institute of Technology,,https://fit.hiretouch.com/home/jobs-board/job-details?jobID=24716&job=university-sustainability-officer,,Jobs & Internships
"Student Engagement Project Planner, U Alberta",Feb 19 2015 - 2:59pm,"April 20, 2015","February 24, 2015",University of Alberta,,http://www.careers.ualberta.ca/Competition/S103923913D1/,,Jobs & Internships
"Sustainability Coordinator, Jacksonville U",Feb 19 2015 - 3:30pm,"April 20, 2015","February 24, 2015",Jacksonville University,,"http://www.glassdoor.com/job-listing/sustainability-coordinator-JV_IC1154093_KO0,26_IE29048.htm?jl=1328367297",,Jobs & Internships
"Strategic Management Faculty, The Ohio State U",Feb 23 2015 - 1:42pm,"April 24, 2015","March 03, 2015","Ohio State University, The",,http://fisher.osu.edu/supplements/10/5005/Position-Posting-Strategy-Chase_Chair-12-17-2014.pdf,,Jobs & Internships
U New Hampshire Sustainability Institute 2015 Climate Fellowship,Feb 24 2015 - 11:48am,"April 25, 2015","March 03, 2015",University of New Hampshire,,http://www.sustainableunh.unh.edu/climatefellows,,Jobs & Internships
"Sustainability Reporting Specialist, U Calgary",Feb 24 2015 - 12:34pm,"April 25, 2015","March 03, 2015",University of Calgary,,http://careers.ucalgary.ca/jobs/3429133-specialist-sustainability-reporting-office-of-sustainability,,Jobs & Internships
"Assistant Professor, Environment & Climate Change, MIT",Feb 26 2015 - 12:07pm,"April 27, 2015","March 03, 2015",Massachusetts Institute of Technology,,http://apply.interfolio.com/28496,,Jobs & Internships
"VP, Facilities Management & Campus Development, Tulane U",Feb 26 2015 - 12:48pm,"April 27, 2015","March 03, 2015",Tulane University,,https://selfservice.tulane.edu/OA_HTML/OA.jsp?page=/oracle/apps/irc/candidateSelfService/webui/VisVacDispPG&OAHP=IRC_EXT_SITE_VISITOR_APPL&OASF=IRC_VIS_VAC_DISPLAY&akRegionApplicationId=821&transactionid=686513456&retainAM=N&addBreadCrumb=RP&p_svid=6578&p,,Jobs & Internships
"Sustainability Marketing Specialist, U California Berkeley",Feb 26 2015 - 12:51pm,"April 27, 2015","March 03, 2015","University of California, Berkeley",,https://hrw-vip-prod.is.berkeley.edu/psp/JOBSPROD/EMPLOYEE/HRMS/c/HRS_HRS.HRS_CE.GBL?Page=HRS_CE_JOB_DTL&Action=A&JobOpeningId=19358&SiteId=1&PostingSeq=1,,Jobs & Internships
"Operational Sustainability Advisor, U Calgary",Feb 26 2015 - 2:09pm,"April 27, 2015","March 03, 2015",University of Calgary,,http://careers.ucalgary.ca/jobs/3447860-advisor-operational-sustainability-office-of-sustainability,,Jobs & Internships
"Electrical Engineer, U Arkansas Little Rock",Feb 26 2015 - 4:14pm,"April 27, 2015","March 03, 2015",University of Arkansas at Little Rock,,https://ualr.peopleadmin.com/postings/3177,,Jobs & Internships
"Education Program Associate, Sustainability Institute, Penn State",Mar 3 2015 - 2:38pm,"May 2, 2015","(Unpublished) March 10, 2015",Pennsylvania State University,,https://psu.jobs/job/55916,,Jobs & Internships

